"","CDK.m","CDK.sd","CDK.ci.lb","CDK.ci.ub"
"RfD",0.0238154728164775,0.98336207520307,-1.61038825949395,1.50487739708772
"RfD NOAEL",0.00350247672921432,0.888167069056083,-1.603786687993,1.44274560490424
"RfD BMD",-0.00405966014894372,1.07450923882171,-1.78076785117139,1.71726142842005
"RfD BMDL",-0.00530282470183181,1.15258721185231,-1.9982812364528,1.93791248886423
"OSF",0.00515036256202437,1.19663806463164,-1.98884005111247,1.83372597198427
"CPV",0.00534737185185288,1.27457781614531,-1.9778085,2.05075926666667
"RfC",-0.0557668157894796,1.4003991789454,-2.39372768333333,2.01885485000001
"IUR",0.00923238333333614,1.23141379655673,-2.38461415833333,1.8641157
